Warm up,Category,Vors,Ord som begynner på...
Warm up,Category,Vors,Ord som begynner på...
Warm up,Category,Vors,Ord som begynner på...
Warm up,Category,Vors,Ord som begynner på...
Get drunk,Category,Fylla,Ord som begynner på...
Get drunk,Category,Fylla,Ord som begynner på...
Get drunk,Category,Fylla,Ord som begynner på...
Get drunk,Category,Fylla,Ord som begynner på...
Heated,Category,Drøyt,Ord som begynner på...
Heated,Category,Drøyt,Ord som begynner på...
Heated,Category,Drøyt,Ord som begynner på...
Heated,Category,Drøyt,Ord som begynner på...