10,Vors,Mest sannsynlig til å ha gjort dette..
10,Tittel,Hvem har gjort dette?
10,,Hvem tror du har gjort dette?
10,Vors,Mest sannsynlig til å ha gjort dette..
10,Tittel,Hvem har gjort dette?
10,,Hvem tror du har gjort dette?
10,Vors,Mest sannsynlig til å ha gjort dette..
10,Tittel,Hvem har gjort dette?
10,,Hvem tror du har gjort dette?
10,Vors,Mest sannsynlig til å ha gjort dette..
10,Tittel,Hvem har gjort dette?
10,,Hvem tror du har gjort dette?
10,Vors,Mest sannsynlig til å ha gjort dette..
10,Tittel,Hvem har gjort dette?
10,,Hvem tror du har gjort dette?
20,Vors,Mest sannsynlig til å ha gjort dette..
20,Tittel,Hvem har gjort dette?
20,,Hvem tror du har gjort dette?
20,Vors,Mest sannsynlig til å ha gjort dette..
20,Tittel,Hvem har gjort dette?
20,,Hvem tror du har gjort dette?
20,Vors,Mest sannsynlig til å ha gjort dette..
20,Tittel,Hvem har gjort dette?
20,,Hvem tror du har gjort dette?
20,Vors,Mest sannsynlig til å ha gjort dette..
20,Tittel,Hvem har gjort dette?
20,,Hvem tror du har gjort dette?
20,Vors,Mest sannsynlig til å ha gjort dette..
20,Tittel,Hvem har gjort dette?
20,,Hvem tror du har gjort dette?
20,Vors,Mest sannsynlig til å ha gjort dette..
20,Tittel,Hvem har gjort dette?
20,,Hvem tror du har gjort dette?
30,Vors,Mest sannsynlig til å ha gjort dette..
30,Tittel,Hvem har gjort dette?
30,,Hvem tror du har gjort dette?
30,Vors,Mest sannsynlig til å ha gjort dette..
30,Tittel,Hvem har gjort dette?
30,,Hvem tror du har gjort dette?
30,Vors,Mest sannsynlig til å ha gjort dette..
30,Tittel,Hvem har gjort dette?
30,,Hvem tror du har gjort dette?
30,Vors,Mest sannsynlig til å ha gjort dette..
30,Tittel,Hvem har gjort dette?
30,,Hvem tror du har gjort dette?
30,Vors,Mest sannsynlig til å ha gjort dette..
30,Tittel,Hvem har gjort dette?
30,,Hvem tror du har gjort dette?
30,Vors,Mest sannsynlig til å ha gjort dette..
30,Tittel,Hvem har gjort dette?
30,,Hvem tror du har gjort dette?
40,Vors,Mest sannsynlig til å ha gjort dette..
40,Tittel,Hvem har gjort dette?
40,,Hvem tror du har gjort dette?
40,Vors,Mest sannsynlig til å ha gjort dette..
40,Tittel,Hvem har gjort dette?
40,,Hvem tror du har gjort dette?
40,Vors,Mest sannsynlig til å ha gjort dette..
40,Tittel,Hvem har gjort dette?
40,,Hvem tror du har gjort dette?
40,Vors,Mest sannsynlig til å ha gjort dette..
40,Tittel,Hvem har gjort dette?
40,,Hvem tror du har gjort dette?
40,Vors,Mest sannsynlig til å ha gjort dette..
40,Tittel,Hvem har gjort dette?
40,,Hvem tror du har gjort dette?
40,Vors,Mest sannsynlig til å ha gjort dette..
40,Tittel,Hvem har gjort dette?
40,,Hvem tror du har gjort dette?
50,Vors,Mest sannsynlig til å ha gjort dette..
50,Tittel,Hvem har gjort dette?
50,,Hvem tror du har gjort dette?
50,Vors,Mest sannsynlig til å ha gjort dette..
50,Tittel,Hvem har gjort dette?
50,,Hvem tror du har gjort dette?
50,Vors,Mest sannsynlig til å ha gjort dette..
50,Tittel,Hvem har gjort dette?
50,,Hvem tror du har gjort dette?
50,Vors,Mest sannsynlig til å ha gjort dette..
50,Tittel,Hvem har gjort dette?
50,,Hvem tror du har gjort dette?
50,Vors,Mest sannsynlig til å ha gjort dette..
50,Tittel,Hvem har gjort dette?
50,,Hvem tror du har gjort dette?
50,Vors,Mest sannsynlig til å ha gjort dette..
50,Tittel,Hvem har gjort dette?
50,,Hvem tror du har gjort dette?