Warm up,Thumbs,Vors,Ville du helst gjort dette eller dette mot spiller1
Warm up,Thumbs,Vors,Ville du helst gjort dette eller dette mot spiller1
Warm up,Thumbs,Vors,Ville du helst gjort dette eller dette mot spiller1
Warm up,Thumbs,Vors,Ville du helst gjort dette eller dette mot spiller1
Warm up,Thumbs,Vors,Ville du helst gjort dette eller dette mot spiller1
Get drunk,Thumbs,Fylla,Ville du helst hatt dette eller dette
Get drunk,Thumbs,Fylla,Ville du helst hatt dette eller dette
Get drunk,Thumbs,Fylla,Ville du helst hatt dette eller dette
Get drunk,Thumbs,Fylla,Ville du helst hatt dette eller dette
Get drunk,Thumbs,Fylla,Ville du helst hatt dette eller dette
Heated,Thumbs,Drøyt,Tommel opp for dette og ned for dette
Heated,Thumbs,Drøyt,Tommel opp for dette og ned for dette
Heated,Thumbs,Drøyt,Tommel opp for dette og ned for dette
Heated,Thumbs,Drøyt,Tommel opp for dette og ned for dette
Heated,Thumbs,Drøyt,Tommel opp for dette og ned for dette
Heated,Thumbs,Drøyt,Tommel opp for dette og ned for dette
Warm up,Thumbs,Vors,Ville du helst gjort dette eller dette mot spiller1
Warm up,Thumbs,Vors,Ville du helst gjort dette eller dette mot spiller1
Warm up,Thumbs,Vors,Ville du helst gjort dette eller dette mot spiller1
Warm up,Thumbs,Vors,Ville du helst gjort dette eller dette mot spiller1
Warm up,Thumbs,Vors,Ville du helst gjort dette eller dette mot spiller1
Get drunk,Thumbs,Fylla,Ville du helst hatt dette eller dette
Get drunk,Thumbs,Fylla,Ville du helst hatt dette eller dette
Get drunk,Thumbs,Fylla,Ville du helst hatt dette eller dette
Get drunk,Thumbs,Fylla,Ville du helst hatt dette eller dette
Get drunk,Thumbs,Fylla,Ville du helst hatt dette eller dette
Heated,Thumbs,Drøyt,Tommel opp for dette og ned for dette
Heated,Thumbs,Drøyt,Tommel opp for dette og ned for dette
Heated,Thumbs,Drøyt,Tommel opp for dette og ned for dette
Heated,Thumbs,Drøyt,Tommel opp for dette og ned for dette
Heated,Thumbs,Drøyt,Tommel opp for dette og ned for dette
Heated,Thumbs,Drøyt,Tommel opp for dette og ned for dette
Warm up,Thumbs,Vors,Ville du helst gjort dette eller dette mot spiller1
Warm up,Thumbs,Vors,Ville du helst gjort dette eller dette mot spiller1
Warm up,Thumbs,Vors,Ville du helst gjort dette eller dette mot spiller1
Warm up,Thumbs,Vors,Ville du helst gjort dette eller dette mot spiller1
Warm up,Thumbs,Vors,Ville du helst gjort dette eller dette mot spiller1
Get drunk,Thumbs,Fylla,Ville du helst hatt dette eller dette
Get drunk,Thumbs,Fylla,Ville du helst hatt dette eller dette
Get drunk,Thumbs,Fylla,Ville du helst hatt dette eller dette
Get drunk,Thumbs,Fylla,Ville du helst hatt dette eller dette
Get drunk,Thumbs,Fylla,Ville du helst hatt dette eller dette
Heated,Thumbs,Drøyt,Tommel opp for dette og ned for dette
Heated,Thumbs,Drøyt,Tommel opp for dette og ned for dette
Heated,Thumbs,Drøyt,Tommel opp for dette og ned for dette
Heated,Thumbs,Drøyt,Tommel opp for dette og ned for dette
Heated,Thumbs,Drøyt,Tommel opp for dette og ned for dette
Heated,Thumbs,Drøyt,Tommel opp for dette og ned for dette